date,start,end,actual
2023-11-14,23:30,00:00,129.679
2023-11-15,00:00,00:30,133.9755
2023-11-15,00:30,01:00,132.65650000000002
2023-11-15,01:00,01:30,130.30550000000002
2023-11-15,01:30,02:00,132.445
2023-11-15,02:00,02:30,125.331
2023-11-15,02:30,03:00,114.03649999999999
2023-11-15,03:00,03:30,110.225
2023-11-15,03:30,04:00,110.79149999999998
2023-11-15,04:00,04:30,117.7875
2023-11-15,04:30,05:00,130.542
2023-11-15,05:00,05:30,145.2285
2023-11-15,05:30,06:00,173.90349999999998
2023-11-15,06:00,06:30,200.4793333333333
2023-11-15,06:30,07:00,224.0215
2023-11-15,07:00,07:30,230.48883333333336
2023-11-15,07:30,08:00,234.03366666666665
2023-11-15,08:00,08:30,232.44833333333332
2023-11-15,08:30,09:00,227.92633333333333
2023-11-15,09:00,09:30,224.816
2023-11-15,09:30,10:00,225.34966666666665
2023-11-15,10:00,10:30,221.43283333333332
2023-11-15,10:30,11:00,209.77683333333331
2023-11-15,11:00,11:30,212.16866666666667
2023-11-15,11:30,12:00,215.386
2023-11-15,12:00,12:30,218.1161666666667
2023-11-15,12:30,13:00,223.79416666666665
2023-11-15,13:00,13:30,230.29950000000002
2023-11-15,13:30,14:00,244.83366666666666
2023-11-15,14:00,14:30,258.33933333333334
2023-11-15,14:30,15:00,273.0031666666667
2023-11-15,15:00,15:30,279.2608333333334
2023-11-15,15:30,16:00,287.09700000000004
2023-11-15,16:00,16:30,297.081
2023-11-15,16:30,17:00,294.915
2023-11-15,17:00,17:30,303.076
2023-11-15,17:30,18:00,310.119
2023-11-15,18:00,18:30,317.979
2023-11-15,18:30,19:00,319.3985
2023-11-15,19:00,19:30,327.807
2023-11-15,19:30,20:00,332.8155
2023-11-15,20:00,20:30,334.939
2023-11-15,20:30,21:00,330.5205
2023-11-15,21:00,21:30,332.4545
2023-11-15,21:30,22:00,333.8935
2023-11-15,22:00,22:30,334.4335
2023-11-15,22:30,23:00,333.177
2023-11-15,23:00,23:30,334.3835
2023-11-15,23:30,00:00,339.7785
2023-11-16,00:00,00:30,348.259
2023-11-16,00:30,01:00,349.37
2023-11-16,01:00,01:30,349.998
2023-11-16,01:30,02:00,353.2245
2023-11-16,02:00,02:30,355.654
2023-11-16,02:30,03:00,353.7055
2023-11-16,03:00,03:30,352.11
2023-11-16,03:30,04:00,365.7235
2023-11-16,04:00,04:30,365.6565
2023-11-16,04:30,05:00,386.63599999999997
2023-11-16,05:00,05:30,386.6945
2023-11-16,05:30,06:00,390.128
2023-11-16,06:00,06:30,393.74150000000003
2023-11-16,06:30,07:00,378.9835
2023-11-16,07:00,07:30,376.851
2023-11-16,07:30,08:00,361.616
2023-11-16,08:00,08:30,361.04566666666665
2023-11-16,08:30,09:00,359.5533333333334
2023-11-16,09:00,09:30,358.40166666666664
2023-11-16,09:30,10:00,357.5828333333333
2023-11-16,10:00,10:30,356.81033333333335
2023-11-16,10:30,11:00,355.0156666666667
2023-11-16,11:00,11:30,355.1745
2023-11-16,11:30,12:00,354.7535
2023-11-16,12:00,12:30,355.63533333333334
2023-11-16,12:30,13:00,356.06800000000004
2023-11-16,13:00,13:30,355.05216666666666
2023-11-16,13:30,14:00,355.44183333333336
2023-11-16,14:00,14:30,358.1995
2023-11-16,14:30,15:00,362.86000000000007
2023-11-16,15:00,15:30,361.85749999999996
2023-11-16,15:30,16:00,357.6383333333333
2023-11-16,16:00,16:30,357.15383333333335
2023-11-16,16:30,17:00,355.24583333333334
2023-11-16,17:00,17:30,352.8543333333334
2023-11-16,17:30,18:00,353.7915
2023-11-16,18:00,18:30,354.7343333333333
2023-11-16,18:30,19:00,363.8315
2023-11-16,19:00,19:30,370.66499999999996
2023-11-16,19:30,20:00,372.248
2023-11-16,20:00,20:30,368.72749999999996
2023-11-16,20:30,21:00,377.93350000000004
2023-11-16,21:00,21:30,375.6375
2023-11-16,21:30,22:00,375.169
2023-11-16,22:00,22:30,368.8943333333334
2023-11-16,22:30,23:00,350.865
2023-11-16,23:00,23:30,341.05850000000004
2023-11-16,23:30,00:00,335.817
2023-11-17,00:00,00:30,330.1025
2023-11-17,00:30,01:00,330.68850000000003
2023-11-17,01:00,01:30,332.84433333333334
2023-11-17,01:30,02:00,340.3175
2023-11-17,02:00,02:30,335.57983333333334
2023-11-17,02:30,03:00,346.7665
2023-11-17,03:00,03:30,351.4055
2023-11-17,03:30,04:00,362.41900000000004
2023-11-17,04:00,04:30,368.68100000000004
2023-11-17,04:30,05:00,384.67599999999993
2023-11-17,05:00,05:30,379.144
2023-11-17,05:30,06:00,396.82149999999996
2023-11-17,06:00,06:30,404.79633333333334
2023-11-17,06:30,07:00,394.3945
2023-11-17,07:00,07:30,393.7488333333334
2023-11-17,07:30,08:00,378.81566666666663
2023-11-17,08:00,08:30,377.156
2023-11-17,08:30,09:00,369.068
2023-11-17,09:00,09:30,363.6025
2023-11-17,09:30,10:00,362.4723333333333
2023-11-17,10:00,10:30,356.7513333333333
2023-11-17,10:30,11:00,355.17316666666665
2023-11-17,11:00,11:30,351.53583333333336
2023-11-17,11:30,12:00,352.5665
2023-11-17,12:00,12:30,355.7576666666667
2023-11-17,12:30,13:00,352.79616666666664
2023-11-17,13:00,13:30,354.2686666666667
2023-11-17,13:30,14:00,364.6366666666666
2023-11-17,14:00,14:30,371.589
2023-11-17,14:30,15:00,369.843
2023-11-17,15:00,15:30,371.9355
2023-11-17,15:30,16:00,366.0978333333333
2023-11-17,16:00,16:30,363.7578333333334
2023-11-17,16:30,17:00,362.58733333333333
2023-11-17,17:00,17:30,357.3403333333333
2023-11-17,17:30,18:00,355.382
2023-11-17,18:00,18:30,350.928
2023-11-17,18:30,19:00,358.0305
2023-11-17,19:00,19:30,353.15850000000006
2023-11-17,19:30,20:00,365.85749999999996
2023-11-17,20:00,20:30,362.7233333333333
2023-11-17,20:30,21:00,354.21599999999995
2023-11-17,21:00,21:30,340.9635
2023-11-17,21:30,22:00,322.789
2023-11-17,22:00,22:30,290.728
2023-11-17,22:30,23:00,217.95149999999998
2023-11-17,23:00,23:30,178.7465
2023-11-17,23:30,00:00,146.49050000000003
2023-11-18,00:00,00:30,129.4175
2023-11-18,00:30,01:00,130.3245
2023-11-18,01:00,01:30,122.64200000000001
2023-11-18,01:30,02:00,135.4795
2023-11-18,02:00,02:30,132.316
2023-11-18,02:30,03:00,131.0745
2023-11-18,03:00,03:30,117.798
2023-11-18,03:30,04:00,118.607
2023-11-18,04:00,04:30,109.53750000000001
2023-11-18,04:30,05:00,111.026
2023-11-18,05:00,05:30,107.75266666666667
2023-11-18,05:30,06:00,111.9605
2023-11-18,06:00,06:30,117.23816666666667
2023-11-18,06:30,07:00,124.777
2023-11-18,07:00,07:30,140.32466666666667
2023-11-18,07:30,08:00,135.61166666666665
2023-11-18,08:00,08:30,140.77016666666668
2023-11-18,08:30,09:00,128.82399999999998
2023-11-18,09:00,09:30,130.40533333333335
2023-11-18,09:30,10:00,130.1395
2023-11-18,10:00,10:30,129.75166666666667
2023-11-18,10:30,11:00,127.43149999999999
2023-11-18,11:00,11:30,125.58
2023-11-18,11:30,12:00,123.05566666666667
2023-11-18,12:00,12:30,122.19683333333333
2023-11-18,12:30,13:00,121.61650000000002
2023-11-18,13:00,13:30,118.768
2023-11-18,13:30,14:00,110.11583333333334
2023-11-18,14:00,14:30,109.845
2023-11-18,14:30,15:00,110.568
2023-11-18,15:00,15:30,112.48166666666667
2023-11-18,15:30,16:00,123.54716666666667
2023-11-18,16:00,16:30,133.3105
2023-11-18,16:30,17:00,128.8745
2023-11-18,17:00,17:30,125.8175
2023-11-18,17:30,18:00,127.5115
2023-11-18,18:00,18:30,124.799
2023-11-18,18:30,19:00,110.10700000000001
2023-11-18,19:00,19:30,93.81066666666668
2023-11-18,19:30,20:00,87.36200000000001
2023-11-18,20:00,20:30,81.40016666666666
2023-11-18,20:30,21:00,78.0725
2023-11-18,21:00,21:30,76.99199999999999
2023-11-18,21:30,22:00,90.2025
2023-11-18,22:00,22:30,89.1355
2023-11-18,22:30,23:00,106.2815
2023-11-18,23:00,23:30,101.6275
2023-11-18,23:30,00:00,102.9815
2023-11-19,00:00,00:30,110.6495
2023-11-19,00:30,01:00,109.839
2023-11-19,01:00,01:30,103.07966666666667
2023-11-19,01:30,02:00,101.9075
2023-11-19,02:00,02:30,99.913
2023-11-19,02:30,03:00,101.823
2023-11-19,03:00,03:30,97.218
2023-11-19,03:30,04:00,95.80799999999999
2023-11-19,04:00,04:30,95.3475
2023-11-19,04:30,05:00,95.8095
2023-11-19,05:00,05:30,96.3125
2023-11-19,05:30,06:00,99.1735
2023-11-19,06:00,06:30,103.47516666666667
2023-11-19,06:30,07:00,100.3945
2023-11-19,07:00,07:30,96.99116666666666
2023-11-19,07:30,08:00,91.98849999999999
2023-11-19,08:00,08:30,89.42366666666666
2023-11-19,08:30,09:00,85.0785
2023-11-19,09:00,09:30,87.55783333333333
2023-11-19,09:30,10:00,96.7115
2023-11-19,10:00,10:30,109.93183333333333
2023-11-19,10:30,11:00,118.83416666666666
2023-11-19,11:00,11:30,128.97016666666667
2023-11-19,11:30,12:00,139.3491666666667
2023-11-19,12:00,12:30,145.92666666666668
2023-11-19,12:30,13:00,150.0865
2023-11-19,13:00,13:30,152.5345
2023-11-19,13:30,14:00,151.0991666666667
2023-11-19,14:00,14:30,154.26966666666667
2023-11-19,14:30,15:00,166.8425
2023-11-19,15:00,15:30,173.26333333333335
2023-11-19,15:30,16:00,178.29666666666668
2023-11-19,16:00,16:30,179.49816666666666
2023-11-19,16:30,17:00,179.96266666666668
2023-11-19,17:00,17:30,178.133
2023-11-19,17:30,18:00,173.386
2023-11-19,18:00,18:30,170.89116666666666
2023-11-19,18:30,19:00,164.41250000000002
2023-11-19,19:00,19:30,155.28549999999998
2023-11-19,19:30,20:00,149.4855
2023-11-19,20:00,20:30,140.26850000000002
2023-11-19,20:30,21:00,119.46300000000001
2023-11-19,21:00,21:30,101.79
2023-11-19,21:30,22:00,90.7205
2023-11-19,22:00,22:30,89.16066666666667
2023-11-19,22:30,23:00,94.70700000000001
2023-11-19,23:00,23:30,95.648
2023-11-19,23:30,00:00,96.99249999999999
2023-11-20,00:00,00:30,95.06000000000002
2023-11-20,00:30,01:00,93.29350000000001
2023-11-20,01:00,01:30,95.04166666666666
2023-11-20,01:30,02:00,99.0735
2023-11-20,02:00,02:30,102.0635
2023-11-20,02:30,03:00,99.288
2023-11-20,03:00,03:30,101.673
2023-11-20,03:30,04:00,110.0505
2023-11-20,04:00,04:30,114.3305
2023-11-20,04:30,05:00,132.974
2023-11-20,05:00,05:30,159.268
2023-11-20,05:30,06:00,199.607
2023-11-20,06:00,06:30,236.34799999999998
2023-11-20,06:30,07:00,268.51800000000003
2023-11-20,07:00,07:30,285.79449999999997
2023-11-20,07:30,08:00,282.52599999999995
2023-11-20,08:00,08:30,283.28633333333335
2023-11-20,08:30,09:00,275.05933333333337
2023-11-20,09:00,09:30,270.1531666666667
2023-11-20,09:30,10:00,265.419
2023-11-20,10:00,10:30,263.74766666666665
2023-11-20,10:30,11:00,265.00533333333334
2023-11-20,11:00,11:30,266.5348333333333
2023-11-20,11:30,12:00,274.3063333333333
2023-11-20,12:00,12:30,278.4898333333333
2023-11-20,12:30,13:00,285.55916666666667
2023-11-20,13:00,13:30,291.62100000000004
2023-11-20,13:30,14:00,302.99066666666664
2023-11-20,14:00,14:30,312.71616666666665
2023-11-20,14:30,15:00,322.1155
2023-11-20,15:00,15:30,326.201
2023-11-20,15:30,16:00,324.6946666666667
2023-11-20,16:00,16:30,321.5756666666667
2023-11-20,16:30,17:00,317.39216666666664
2023-11-20,17:00,17:30,312.2266666666667
2023-11-20,17:30,18:00,314.2155
2023-11-20,18:00,18:30,314.1366666666667
2023-11-20,18:30,19:00,311.485
2023-11-20,19:00,19:30,305.1211666666667
2023-11-20,19:30,20:00,296.3345
2023-11-20,20:00,20:30,285.643
2023-11-20,20:30,21:00,261.082
2023-11-20,21:00,21:30,245.985
2023-11-20,21:30,22:00,220.62199999999999
2023-11-20,22:00,22:30,204.93916666666667
2023-11-20,22:30,23:00,198.339
2023-11-20,23:00,23:30,189.73833333333334
2023-11-20,23:30,00:00,178.079
2023-11-21,00:00,00:30,191.3555
2023-11-21,00:30,01:00,185.64100000000002
2023-11-21,01:00,01:30,186.93233333333333
2023-11-21,01:30,02:00,180.8525
2023-11-21,02:00,02:30,177.642
2023-11-21,02:30,03:00,174.103
2023-11-21,03:00,03:30,175.5325
2023-11-21,03:30,04:00,188.277
2023-11-21,04:00,04:30,203.46450000000002
2023-11-21,04:30,05:00,229.67049999999998
2023-11-21,05:00,05:30,252.29699999999997
2023-11-21,05:30,06:00,270.5685
2023-11-21,06:00,06:30,289.2
2023-11-21,06:30,07:00,312.902
2023-11-21,07:00,07:30,320.85450000000003
2023-11-21,07:30,08:00,319.8605
2023-11-21,08:00,08:30,316.20283333333333
2023-11-21,08:30,09:00,309.8925
2023-11-21,09:00,09:30,312.14283333333333
2023-11-21,09:30,10:00,314.0246666666667
2023-11-21,10:00,10:30,313.1356666666667
2023-11-21,10:30,11:00,307.40883333333335
2023-11-21,11:00,11:30,305.76983333333334
2023-11-21,11:30,12:00,303.88016666666664
2023-11-21,12:00,12:30,303.13166666666666
2023-11-21,12:30,13:00,304.4438333333333
2023-11-21,13:00,13:30,304.36066666666665
2023-11-21,13:30,14:00,311.79633333333334
2023-11-21,14:00,14:30,320.6046666666667
2023-11-21,14:30,15:00,327.34883333333335
2023-11-21,15:00,15:30,329.6458333333333
2023-11-21,15:30,16:00,322.3471666666667
2023-11-21,16:00,16:30,322.8251666666667
2023-11-21,16:30,17:00,320.32366666666667
2023-11-21,17:00,17:30,322.2261666666667
2023-11-21,17:30,18:00,329.4125
2023-11-21,18:00,18:30,332.05550000000005
2023-11-21,18:30,19:00,331.8455
2023-11-21,19:00,19:30,336.7351666666667
2023-11-21,19:30,20:00,344.86699999999996
2023-11-21,20:00,20:30,341.3591666666667
2023-11-21,20:30,21:00,344.42750000000007
2023-11-21,21:00,21:30,334.01800000000003
2023-11-21,21:30,22:00,313.7475
2023-11-21,22:00,22:30,300.7615
2023-11-21,22:30,23:00,270.488
2023-11-21,23:00,23:30,256.69466666666665
2023-11-21,23:30,00:00,231.674
2023-11-22,00:00,00:30,228.5045
2023-11-22,00:30,01:00,240.9855
2023-11-22,01:00,01:30,230.49066666666667
2023-11-22,01:30,02:00,225.7215
2023-11-22,02:00,02:30,221.471
2023-11-22,02:30,03:00,225.977
2023-11-22,03:00,03:30,218.46249999999998
2023-11-22,03:30,04:00,220.352
2023-11-22,04:00,04:30,217.33900000000003
2023-11-22,04:30,05:00,219.568
2023-11-22,05:00,05:30,227.376
2023-11-22,05:30,06:00,246.64350000000002
2023-11-22,06:00,06:30,254.4645
2023-11-22,06:30,07:00,259.8355
2023-11-22,07:00,07:30,257.449
2023-11-22,07:30,08:00,260.317
2023-11-22,08:00,08:30,257.994
2023-11-22,08:30,09:00,251.787
2023-11-22,09:00,09:30,249.153
2023-11-22,09:30,10:00,240.63016666666667
2023-11-22,10:00,10:30,234.612
2023-11-22,10:30,11:00,229.71349999999998
2023-11-22,11:00,11:30,226.603
2023-11-22,11:30,12:00,224.41733333333335
2023-11-22,12:00,12:30,222.18800000000002
2023-11-22,12:30,13:00,218.95933333333332
2023-11-22,13:00,13:30,213.6765
2023-11-22,13:30,14:00,215.00333333333333
2023-11-22,14:00,14:30,217.124
2023-11-22,14:30,15:00,221.8595
2023-11-22,15:00,15:30,228.16566666666662
2023-11-22,15:30,16:00,225.4616666666667
2023-11-22,16:00,16:30,221.65916666666666
2023-11-22,16:30,17:00,215.85966666666667
2023-11-22,17:00,17:30,215.69116666666667
2023-11-22,17:30,18:00,216.489
2023-11-22,18:00,18:30,209.097
2023-11-22,18:30,19:00,180.013
2023-11-22,19:00,19:30,171.47866666666667
2023-11-22,19:30,20:00,152.73850000000002
2023-11-22,20:00,20:30,131.0035
2023-11-22,20:30,21:00,126.18100000000001
2023-11-22,21:00,21:30,116.93866666666666
2023-11-22,21:30,22:00,127.53699999999999
2023-11-22,22:00,22:30,127.07566666666668
2023-11-22,22:30,23:00,118.0435
2023-11-22,23:00,23:30,111.86166666666666
2023-11-22,23:30,00:00,102.843
2023-11-23,00:00,00:30,104.791
2023-11-23,00:30,01:00,105.8605
2023-11-23,01:00,01:30,105.4215
2023-11-23,01:30,02:00,105.4755
2023-11-23,02:00,02:30,105.994
2023-11-23,02:30,03:00,115.089
2023-11-23,03:00,03:30,107.43466666666667
2023-11-23,03:30,04:00,103.9355
2023-11-23,04:00,04:30,105.3525
2023-11-23,04:30,05:00,112.93950000000001
2023-11-23,05:00,05:30,127.696
2023-11-23,05:30,06:00,140.51149999999998
2023-11-23,06:00,06:30,161.6715
2023-11-23,06:30,07:00,148.568
2023-11-23,07:00,07:30,134.056
2023-11-23,07:30,08:00,126.8975
2023-11-23,08:00,08:30,123.36983333333333
2023-11-23,08:30,09:00,135.24816666666666
2023-11-23,09:00,09:30,132.436
2023-11-23,09:30,10:00,124.66333333333333
2023-11-23,10:00,10:30,122.1365
2023-11-23,10:30,11:00,111.08716666666668
2023-11-23,11:00,11:30,104.69216666666667
2023-11-23,11:30,12:00,109.87883333333333
2023-11-23,12:00,12:30,119.79566666666668
2023-11-23,12:30,13:00,121.55250000000001
2023-11-23,13:00,13:30,123.10033333333334
2023-11-23,13:30,14:00,123.05783333333333
2023-11-23,14:00,14:30,127.9665
2023-11-23,14:30,15:00,135.25433333333334
2023-11-23,15:00,15:30,139.9615
2023-11-23,15:30,16:00,135.25333333333336
2023-11-23,16:00,16:30,135.56666666666666
2023-11-23,16:30,17:00,135.58216666666667
2023-11-23,17:00,17:30,138.51466666666667
2023-11-23,17:30,18:00,141.309
2023-11-23,18:00,18:30,140.1145
2023-11-23,18:30,19:00,134.4795
2023-11-23,19:00,19:30,131.2895
2023-11-23,19:30,20:00,122.1065
2023-11-23,20:00,20:30,113.54883333333333
2023-11-23,20:30,21:00,107.986
2023-11-23,21:00,21:30,100.46100000000001
2023-11-23,21:30,22:00,100.2075
2023-11-23,22:00,22:30,89.55250000000001
2023-11-23,22:30,23:00,88.7705
2023-11-23,23:00,23:30,91.68833333333333
2023-11-23,23:30,00:00,93.5385
2023-11-24,00:00,00:30,94.08433333333333
2023-11-24,00:30,01:00,89.627
2023-11-24,01:00,01:30,90.18833333333333
2023-11-24,01:30,02:00,92.2755
2023-11-24,02:00,02:30,92.229
2023-11-24,02:30,03:00,94.232
2023-11-24,03:00,03:30,95.544
2023-11-24,03:30,04:00,95.532
2023-11-24,04:00,04:30,95.65350000000001
2023-11-24,04:30,05:00,99.3195
2023-11-24,05:00,05:30,109.94266666666667
2023-11-24,05:30,06:00,118.1305
2023-11-24,06:00,06:30,136.65616666666668
2023-11-24,06:30,07:00,134.5085
2023-11-24,07:00,07:30,142.14566666666667
2023-11-24,07:30,08:00,145.72766666666666
2023-11-24,08:00,08:30,145.62666666666667
2023-11-24,08:30,09:00,143.9255
2023-11-24,09:00,09:30,141.559
2023-11-24,09:30,10:00,139.75933333333333
2023-11-24,10:00,10:30,136.45000000000002
2023-11-24,10:30,11:00,136.11216666666667
2023-11-24,11:00,11:30,131.47083333333333
2023-11-24,11:30,12:00,129.2865
2023-11-24,12:00,12:30,125.88483333333333
2023-11-24,12:30,13:00,126.52166666666668
2023-11-24,13:00,13:30,133.69483333333335
2023-11-24,13:30,14:00,141.80166666666668
2023-11-24,14:00,14:30,153.6605
2023-11-24,14:30,15:00,177.243
2023-11-24,15:00,15:30,188.08883333333333
2023-11-24,15:30,16:00,197.00933333333333
2023-11-24,16:00,16:30,201.45783333333333
2023-11-24,16:30,17:00,207.38833333333332
2023-11-24,17:00,17:30,208.58533333333332
2023-11-24,17:30,18:00,209.2015
2023-11-24,18:00,18:30,207.51299999999998
2023-11-24,18:30,19:00,211.37
2023-11-24,19:00,19:30,210.83133333333333
2023-11-24,19:30,20:00,211.81
2023-11-24,20:00,20:30,206.94700000000003
2023-11-24,20:30,21:00,194.1765
2023-11-24,21:00,21:30,188.66783333333333
2023-11-24,21:30,22:00,180.1625
2023-11-24,22:00,22:30,166.103
2023-11-24,22:30,23:00,151.09900000000002
2023-11-24,23:00,23:30,145.084
2023-11-24,23:30,00:00,138.1505
2023-11-25,00:00,00:30,144.202
2023-11-25,00:30,01:00,143.674
2023-11-25,01:00,01:30,141.034
2023-11-25,01:30,02:00,140.96550000000002
2023-11-25,02:00,02:30,138.52700000000002
2023-11-25,02:30,03:00,144.6665
2023-11-25,03:00,03:30,137.9045
2023-11-25,03:30,04:00,129.5165
2023-11-25,04:00,04:30,125.687
2023-11-25,04:30,05:00,123.56750000000001
2023-11-25,05:00,05:30,127.185
2023-11-25,05:30,06:00,135.61649999999997
2023-11-25,06:00,06:30,148.7285
2023-11-25,06:30,07:00,165.6585
2023-11-25,07:00,07:30,186.4275
2023-11-25,07:30,08:00,200.51549999999997
2023-11-25,08:00,08:30,208.556
2023-11-25,08:30,09:00,207.90416666666667
2023-11-25,09:00,09:30,205.38716666666664
2023-11-25,09:30,10:00,205.2765
2023-11-25,10:00,10:30,195.97983333333332
2023-11-25,10:30,11:00,195.16816666666665
2023-11-25,11:00,11:30,193.574
2023-11-25,11:30,12:00,196.9633333333333
2023-11-25,12:00,12:30,196.9788333333333
2023-11-25,12:30,13:00,200.38899999999998
2023-11-25,13:00,13:30,206.664
2023-11-25,13:30,14:00,215.14783333333335
2023-11-25,14:00,14:30,230.64716666666666
2023-11-25,14:30,15:00,253.79999999999998
2023-11-25,15:00,15:30,270.3568333333333
2023-11-25,15:30,16:00,271.2758333333333
2023-11-25,16:00,16:30,276.87833333333333
2023-11-25,16:30,17:00,277.5056666666666
2023-11-25,17:00,17:30,271.0333333333333
2023-11-25,17:30,18:00,271.918
2023-11-25,18:00,18:30,275.589
2023-11-25,18:30,19:00,282.574
2023-11-25,19:00,19:30,284.82233333333335
2023-11-25,19:30,20:00,290.868
2023-11-25,20:00,20:30,292.3193333333333
2023-11-25,20:30,21:00,300.0385
2023-11-25,21:00,21:30,304.44350000000003
2023-11-25,21:30,22:00,299.419
2023-11-25,22:00,22:30,289.123
2023-11-25,22:30,23:00,276.2195
2023-11-25,23:00,23:30,266.8895
2023-11-25,23:30,00:00,259.1445
2023-11-26,00:00,00:30,262.984
2023-11-26,00:30,01:00,262.4575
2023-11-26,01:00,01:30,261.312
2023-11-26,01:30,02:00,264.5775
2023-11-26,02:00,02:30,263.5765
2023-11-26,02:30,03:00,275.6995
2023-11-26,03:00,03:30,273.288
2023-11-26,03:30,04:00,274.69100000000003
2023-11-26,04:00,04:30,284.512
2023-11-26,04:30,05:00,280.3105
2023-11-26,05:00,05:30,284.874
2023-11-26,05:30,06:00,294.63550000000004
2023-11-26,06:00,06:30,299.0815
2023-11-26,06:30,07:00,326.43850000000003
2023-11-26,07:00,07:30,334.14116666666666
2023-11-26,07:30,08:00,329.3233333333334
2023-11-26,08:00,08:30,330.84883333333335
2023-11-26,08:30,09:00,315.458
2023-11-26,09:00,09:30,315.75750000000005
2023-11-26,09:30,10:00,316.59083333333336
2023-11-26,10:00,10:30,313.98449999999997
2023-11-26,10:30,11:00,313.1193333333333
2023-11-26,11:00,11:30,313.18549999999993
2023-11-26,11:30,12:00,315.90783333333326
2023-11-26,12:00,12:30,317.7845
2023-11-26,12:30,13:00,318.186
2023-11-26,13:00,13:30,320.0175
2023-11-26,13:30,14:00,326.27633333333335
2023-11-26,14:00,14:30,328.27216666666664
2023-11-26,14:30,15:00,325.8633333333333
2023-11-26,15:00,15:30,327.2248333333333
2023-11-26,15:30,16:00,322.06149999999997
2023-11-26,16:00,16:30,318.827
2023-11-26,16:30,17:00,316.435
2023-11-26,17:00,17:30,318.2855
2023-11-26,17:30,18:00,318.6725
2023-11-26,18:00,18:30,320.91100000000006
2023-11-26,18:30,19:00,322.66350000000006
2023-11-26,19:00,19:30,315.42400000000004
2023-11-26,19:30,20:00,313.57300000000004
2023-11-26,20:00,20:30,307.14150000000006
2023-11-26,20:30,21:00,290.101
2023-11-26,21:00,21:30,283.10999999999996
2023-11-26,21:30,22:00,279.212
2023-11-26,22:00,22:30,267.33000000000004
2023-11-26,22:30,23:00,244.94150000000002
2023-11-26,23:00,23:30,238.0575
2023-11-26,23:30,00:00,236.0155
2023-11-27,00:00,00:30,239.53799999999998
2023-11-27,00:30,01:00,240.67549999999997
2023-11-27,01:00,01:30,238.7475
2023-11-27,01:30,02:00,241.656
2023-11-27,02:00,02:30,244.5995
2023-11-27,02:30,03:00,244.746
2023-11-27,03:00,03:30,246.16299999999998
2023-11-27,03:30,04:00,245.2115
2023-11-27,04:00,04:30,248.705
2023-11-27,04:30,05:00,286.582
2023-11-27,05:00,05:30,299.66016666666667
2023-11-27,05:30,06:00,333.2515
2023-11-27,06:00,06:30,344.50266666666664
2023-11-27,06:30,07:00,337.958
2023-11-27,07:00,07:30,332.0801666666666
2023-11-27,07:30,08:00,318.7451666666667
2023-11-27,08:00,08:30,314.54466666666667
2023-11-27,08:30,09:00,310.5493333333333
2023-11-27,09:00,09:30,307.3401666666667
2023-11-27,09:30,10:00,306.588
2023-11-27,10:00,10:30,303.00333333333333
2023-11-27,10:30,11:00,300.1161666666667
2023-11-27,11:00,11:30,295.4628333333334
2023-11-27,11:30,12:00,293.003
2023-11-27,12:00,12:30,285.644
2023-11-27,12:30,13:00,288.12649999999996
2023-11-27,13:00,13:30,284.64433333333335
2023-11-27,13:30,14:00,282.219
2023-11-27,14:00,14:30,277.3455
2023-11-27,14:30,15:00,264.139
2023-11-27,15:00,15:30,262.6036666666667
2023-11-27,15:30,16:00,263.6106666666667
2023-11-27,16:00,16:30,262.20966666666664
2023-11-27,16:30,17:00,255.307
2023-11-27,17:00,17:30,254.41366666666667
2023-11-27,17:30,18:00,258.4135
2023-11-27,18:00,18:30,261.65066666666667
2023-11-27,18:30,19:00,247.75150000000002
2023-11-27,19:00,19:30,241.31650000000002
2023-11-27,19:30,20:00,227.125
2023-11-27,20:00,20:30,217.9385
2023-11-27,20:30,21:00,205.04600000000002
2023-11-27,21:00,21:30,195.98350000000002
2023-11-27,21:30,22:00,190.221
2023-11-27,22:00,22:30,177.7625
2023-11-27,22:30,23:00,153.0385
2023-11-27,23:00,23:30,149.0716666666667
2023-11-27,23:30,00:00,153.95350000000002
2023-11-28,00:00,00:30,156.45516666666666
2023-11-28,00:30,01:00,155.957
2023-11-28,01:00,01:30,159.97666666666666
2023-11-28,01:30,02:00,167.298
2023-11-28,02:00,02:30,174.99866666666668
2023-11-28,02:30,03:00,181.8355
2023-11-28,03:00,03:30,188.82566666666668
2023-11-28,03:30,04:00,192.651
2023-11-28,04:00,04:30,189.27366666666668
2023-11-28,04:30,05:00,219.371
2023-11-28,05:00,05:30,246.38649999999998
2023-11-28,05:30,06:00,299.82649999999995
2023-11-28,06:00,06:30,327.4965
2023-11-28,06:30,07:00,338.46149999999994
2023-11-28,07:00,07:30,346.7420000000001
2023-11-28,07:30,08:00,342.3165
2023-11-28,08:00,08:30,345.1885
2023-11-28,08:30,09:00,343.5878333333333
2023-11-28,09:00,09:30,338.52333333333337
2023-11-28,09:30,10:00,336.72399999999993
2023-11-28,10:00,10:30,330.09450000000004
2023-11-28,10:30,11:00,322.37366666666674
2023-11-28,11:00,11:30,311.20683333333335
2023-11-28,11:30,12:00,308.22883333333334
2023-11-28,12:00,12:30,305.73816666666664
2023-11-28,12:30,13:00,311.6698333333333
2023-11-28,13:00,13:30,315.00916666666666
2023-11-28,13:30,14:00,304.0681666666667
2023-11-28,14:00,14:30,305.10966666666667
2023-11-28,14:30,15:00,303.2095
2023-11-28,15:00,15:30,303.8725
2023-11-28,15:30,16:00,301.1956666666667
2023-11-28,16:00,16:30,298.9931666666667
2023-11-28,16:30,17:00,289.6911666666667
2023-11-28,17:00,17:30,289.6426666666667
2023-11-28,17:30,18:00,289.2195
2023-11-28,18:00,18:30,288.576
2023-11-28,18:30,19:00,292.8625
2023-11-28,19:00,19:30,289.82116666666667
2023-11-28,19:30,20:00,293.262
2023-11-28,20:00,20:30,286.012
2023-11-28,20:30,21:00,291.22450000000003
2023-11-28,21:00,21:30,280.09766666666667
2023-11-28,21:30,22:00,277.16
2023-11-28,22:00,22:30,267.915
2023-11-28,22:30,23:00,256.978
2023-11-28,23:00,23:30,255.258
2023-11-28,23:30,00:00,237.62150000000003
2023-11-29,00:00,00:30,230.05516666666665
2023-11-29,00:30,01:00,206.359
2023-11-29,01:00,01:30,205.69516666666664
2023-11-29,01:30,02:00,215.47450000000003
2023-11-29,02:00,02:30,227.444
2023-11-29,02:30,03:00,235.92449999999997
2023-11-29,03:00,03:30,243.37199999999999
2023-11-29,03:30,04:00,264.7185
2023-11-29,04:00,04:30,265.8686666666666
2023-11-29,04:30,05:00,290.3915
2023-11-29,05:00,05:30,302.98100000000005
2023-11-29,05:30,06:00,320.2085
2023-11-29,06:00,06:30,342.99899999999997
2023-11-29,06:30,07:00,352.857
2023-11-29,07:00,07:30,357.0825
2023-11-29,07:30,08:00,360.229
2023-11-29,08:00,08:30,363.5695
2023-11-29,08:30,09:00,350.8445
2023-11-29,09:00,09:30,343.86
2023-11-29,09:30,10:00,339.0263333333333
2023-11-29,10:00,10:30,334.6411666666666
2023-11-29,10:30,11:00,330.2976666666667
2023-11-29,11:00,11:30,327.61616666666663
2023-11-29,11:30,12:00,325.14
2023-11-29,12:00,12:30,323.6066666666667
2023-11-29,12:30,13:00,325.83666666666664
2023-11-29,13:00,13:30,323.30249999999995
2023-11-29,13:30,14:00,317.196
2023-11-29,14:00,14:30,317.59700000000004
2023-11-29,14:30,15:00,324.3551666666667
2023-11-29,15:00,15:30,327.0075
2023-11-29,15:30,16:00,323.7886666666667
2023-11-29,16:00,16:30,324.70166666666665
2023-11-29,16:30,17:00,322.3216666666666
2023-11-29,17:00,17:30,317.5571666666667
2023-11-29,17:30,18:00,318.6595
2023-11-29,18:00,18:30,321.96250000000003
2023-11-29,18:30,19:00,335.27400000000006
2023-11-29,19:00,19:30,342.54116666666664
2023-11-29,19:30,20:00,349.7295
2023-11-29,20:00,20:30,349.083
2023-11-29,20:30,21:00,368.60450000000003
2023-11-29,21:00,21:30,365.161
2023-11-29,21:30,22:00,374.9485
2023-11-29,22:00,22:30,368.1561666666667
2023-11-29,22:30,23:00,367.2775
2023-11-29,23:00,23:30,365.25666666666666
2023-11-29,23:30,00:00,367.675
2023-11-30,00:00,00:30,365.95216666666664
2023-11-30,00:30,01:00,363.67
2023-11-30,01:00,01:30,362.1046666666667
2023-11-30,01:30,02:00,356.965
2023-11-30,02:00,02:30,353.4185
2023-11-30,02:30,03:00,345.2465
2023-11-30,03:00,03:30,342.54666666666674
2023-11-30,03:30,04:00,347.696
2023-11-30,04:00,04:30,348.20000000000005
2023-11-30,04:30,05:00,348.6905
2023-11-30,05:00,05:30,354.59749999999997
2023-11-30,05:30,06:00,357.5065
2023-11-30,06:00,06:30,358.007
2023-11-30,06:30,07:00,358.7195
2023-11-30,07:00,07:30,362.94766666666663
2023-11-30,07:30,08:00,356.75166666666667
2023-11-30,08:00,08:30,355.3661666666667
2023-11-30,08:30,09:00,354.2735
2023-11-30,09:00,09:30,352.67966666666666
2023-11-30,09:30,10:00,344.37066666666664
2023-11-30,10:00,10:30,341.8943333333333
2023-11-30,10:30,11:00,334.1161666666667
2023-11-30,11:00,11:30,333.413
2023-11-30,11:30,12:00,341.11350000000004
2023-11-30,12:00,12:30,337.3645
2023-11-30,12:30,13:00,332.22850000000005
2023-11-30,13:00,13:30,332.41850000000005
2023-11-30,13:30,14:00,334.5578333333333
2023-11-30,14:00,14:30,336.57366666666667
2023-11-30,14:30,15:00,334.6675
2023-11-30,15:00,15:30,339.10883333333334
2023-11-30,15:30,16:00,331.56816666666674
2023-11-30,16:00,16:30,330.20966666666664
2023-11-30,16:30,17:00,336.94300000000004
2023-11-30,17:00,17:30,336.4141666666667
2023-11-30,17:30,18:00,340.12699999999995
2023-11-30,18:00,18:30,344.3545
2023-11-30,18:30,19:00,343.59749999999997
2023-11-30,19:00,19:30,343.38666666666666
2023-11-30,19:30,20:00,344.6475
2023-11-30,20:00,20:30,351.1675
2023-11-30,20:30,21:00,368.61650000000003
2023-11-30,21:00,21:30,365.724
2023-11-30,21:30,22:00,375.8335
2023-11-30,22:00,22:30,376.156
2023-11-30,22:30,23:00,375.673
2023-11-30,23:00,23:30,378.42566666666664
2023-11-30,23:30,00:00,376.91700000000003
2023-12-01,00:00,00:30,380.75
2023-12-01,00:30,01:00,375.349
2023-12-01,01:00,01:30,371.847
2023-12-01,01:30,02:00,369.90999999999997
2023-12-01,02:00,02:30,371.8426666666667
2023-12-01,02:30,03:00,375.81550000000004
2023-12-01,03:00,03:30,373.4696666666666
2023-12-01,03:30,04:00,376.812
2023-12-01,04:00,04:30,375.9725
2023-12-01,04:30,05:00,374.5645
2023-12-01,05:00,05:30,371.8851666666667
2023-12-01,05:30,06:00,371.729
2023-12-01,06:00,06:30,372.66400000000004
2023-12-01,06:30,07:00,373.966
2023-12-01,07:00,07:30,378.3271666666667
2023-12-01,07:30,08:00,364.6831666666667
2023-12-01,08:00,08:30,362.77316666666667
2023-12-01,08:30,09:00,349.7823333333333
2023-12-01,09:00,09:30,340.7756666666667
2023-12-01,09:30,10:00,336.973
2023-12-01,10:00,10:30,340.6148333333333
2023-12-01,10:30,11:00,344.5638333333333
2023-12-01,11:00,11:30,339.97916666666663
2023-12-01,11:30,12:00,332.65416666666664
2023-12-01,12:00,12:30,339.35883333333334
2023-12-01,12:30,13:00,349.3761666666666
2023-12-01,13:00,13:30,347.3251666666667
2023-12-01,13:30,14:00,345.49766666666665
2023-12-01,14:00,14:30,350.32933333333335
2023-12-01,14:30,15:00,349.30033333333336
2023-12-01,15:00,15:30,351.5613333333333
2023-12-01,15:30,16:00,349.70666666666665
2023-12-01,16:00,16:30,348.7021666666667
2023-12-01,16:30,17:00,350.29016666666666
2023-12-01,17:00,17:30,351.1206666666667
2023-12-01,17:30,18:00,355.47349999999994
2023-12-01,18:00,18:30,359.214
2023-12-01,18:30,19:00,362.4
2023-12-01,19:00,19:30,364.10066666666665
2023-12-01,19:30,20:00,365.479
2023-12-01,20:00,20:30,366.81050000000005
2023-12-01,20:30,21:00,374.50449999999995
2023-12-01,21:00,21:30,371.0696666666667
2023-12-01,21:30,22:00,387.61249999999995
2023-12-01,22:00,22:30,386.54566666666665
2023-12-01,22:30,23:00,385.8635
2023-12-01,23:00,23:30,382.3134999999999
2023-12-01,23:30,00:00,378.93699999999995
2023-12-02,00:00,00:30,381.34149999999994
2023-12-02,00:30,01:00,386.07
2023-12-02,01:00,01:30,384.1836666666667
2023-12-02,01:30,02:00,383.7195
2023-12-02,02:00,02:30,383.22549999999995
2023-12-02,02:30,03:00,393.0525
2023-12-02,03:00,03:30,383.65366666666665
2023-12-02,03:30,04:00,386.62899999999996
2023-12-02,04:00,04:30,380.4761666666666
2023-12-02,04:30,05:00,390.20200000000006
2023-12-02,05:00,05:30,389.44866666666667
2023-12-02,05:30,06:00,391.96
2023-12-02,06:00,06:30,390.224
2023-12-02,06:30,07:00,382.13000000000005
2023-12-02,07:00,07:30,380.7591666666666
2023-12-02,07:30,08:00,361.78316666666666
2023-12-02,08:00,08:30,365.2266666666667
2023-12-02,08:30,09:00,345.389
2023-12-02,09:00,09:30,339.60633333333334
2023-12-02,09:30,10:00,333.6578333333334
2023-12-02,10:00,10:30,331.16433333333333
2023-12-02,10:30,11:00,331.4823333333333
2023-12-02,11:00,11:30,330.74783333333335
2023-12-02,11:30,12:00,333.7488333333334
2023-12-02,12:00,12:30,333.22566666666665
2023-12-02,12:30,13:00,328.7165
2023-12-02,13:00,13:30,328.97716666666673
2023-12-02,13:30,14:00,329.25066666666663
2023-12-02,14:00,14:30,331.8998333333333
2023-12-02,14:30,15:00,334.4076666666667
2023-12-02,15:00,15:30,336.9853333333333
2023-12-02,15:30,16:00,333.1415
2023-12-02,16:00,16:30,330.84499999999997
2023-12-02,16:30,17:00,328.6935
2023-12-02,17:00,17:30,328.19
2023-12-02,17:30,18:00,329.99449999999996
2023-12-02,18:00,18:30,332.262
2023-12-02,18:30,19:00,336.34900000000005
2023-12-02,19:00,19:30,338.07849999999996
2023-12-02,19:30,20:00,344.372
2023-12-02,20:00,20:30,342.96649999999994
2023-12-02,20:30,21:00,355.5245
2023-12-02,21:00,21:30,349.14616666666666
2023-12-02,21:30,22:00,335.867
2023-12-02,22:00,22:30,328.8965
2023-12-02,22:30,23:00,289.012
2023-12-02,23:00,23:30,279.65116666666665
2023-12-02,23:30,00:00,275.58799999999997
2023-12-03,00:00,00:30,272.7626666666667
2023-12-03,00:30,01:00,272.73800000000006
2023-12-03,01:00,01:30,267.9481666666666
2023-12-03,01:30,02:00,260.7205
2023-12-03,02:00,02:30,257.4026666666667
2023-12-03,02:30,03:00,252.69800000000004
2023-12-03,03:00,03:30,242.15449999999998
2023-12-03,03:30,04:00,240.45399999999998
2023-12-03,04:00,04:30,231.436
2023-12-03,04:30,05:00,238.61750000000004
2023-12-03,05:00,05:30,235.39949999999996
2023-12-03,05:30,06:00,243.52800000000002
2023-12-03,06:00,06:30,245.3245
2023-12-03,06:30,07:00,253.0135
2023-12-03,07:00,07:30,259.743
2023-12-03,07:30,08:00,258.7395
2023-12-03,08:00,08:30,260.346
2023-12-03,08:30,09:00,265.34683333333334
2023-12-03,09:00,09:30,270.85499999999996
2023-12-03,09:30,10:00,266.1085
2023-12-03,10:00,10:30,268.08599999999996
2023-12-03,10:30,11:00,262.68433333333337
2023-12-03,11:00,11:30,265.63016666666664
2023-12-03,11:30,12:00,269.532
2023-12-03,12:00,12:30,271.6471666666667
2023-12-03,12:30,13:00,276.27816666666666
2023-12-03,13:00,13:30,285.29366666666664
2023-12-03,13:30,14:00,295.9695
2023-12-03,14:00,14:30,301.45116666666667
2023-12-03,14:30,15:00,312.06583333333333
2023-12-03,15:00,15:30,314.94183333333336
2023-12-03,15:30,16:00,316.562
2023-12-03,16:00,16:30,315.646
2023-12-03,16:30,17:00,310.65700000000004
2023-12-03,17:00,17:30,311.563
2023-12-03,17:30,18:00,321.78200000000004
2023-12-03,18:00,18:30,319.1755
2023-12-03,18:30,19:00,316.8655
2023-12-03,19:00,19:30,309.974
2023-12-03,19:30,20:00,298.84400000000005
2023-12-03,20:00,20:30,286.17650000000003
2023-12-03,20:30,21:00,275.3955
2023-12-03,21:00,21:30,262.2885
2023-12-03,21:30,22:00,254.448
2023-12-03,22:00,22:30,244.14499999999998
2023-12-03,22:30,23:00,205.539
2023-12-03,23:00,23:30,197.39200000000002
2023-12-03,23:30,00:00,199.0645
2023-12-04,00:00,00:30,198.815
2023-12-04,00:30,01:00,189.88600000000002
2023-12-04,01:00,01:30,175.12800000000001
2023-12-04,01:30,02:00,169.8975
2023-12-04,02:00,02:30,156.77550000000002
2023-12-04,02:30,03:00,156.22600000000003
2023-12-04,03:00,03:30,152.10099999999997
2023-12-04,03:30,04:00,178.6125
2023-12-04,04:00,04:30,176.3075
2023-12-04,04:30,05:00,197.5555
2023-12-04,05:00,05:30,207.696
2023-12-04,05:30,06:00,235.2365
2023-12-04,06:00,06:30,254.73950000000002
2023-12-04,06:30,07:00,272.3565
2023-12-04,07:00,07:30,280.1695
2023-12-04,07:30,08:00,278.263
2023-12-04,08:00,08:30,277.93100000000004
2023-12-04,08:30,09:00,279.38916666666665
2023-12-04,09:00,09:30,282.7435
2023-12-04,09:30,10:00,279.43399999999997
2023-12-04,10:00,10:30,278.583
2023-12-04,10:30,11:00,275.06916666666666
2023-12-04,11:00,11:30,277.9433333333334
2023-12-04,11:30,12:00,279.87933333333336
2023-12-04,12:00,12:30,281.3098333333333
2023-12-04,12:30,13:00,282.7236666666667
2023-12-04,13:00,13:30,283.6393333333333
2023-12-04,13:30,14:00,283.5325
2023-12-04,14:00,14:30,284.5348333333333
2023-12-04,14:30,15:00,278.2955
2023-12-04,15:00,15:30,275.7051666666666
2023-12-04,15:30,16:00,265.749
2023-12-04,16:00,16:30,271.0315
2023-12-04,16:30,17:00,272.5185
2023-12-04,17:00,17:30,269.664
2023-12-04,17:30,18:00,273.08
2023-12-04,18:00,18:30,275.697
2023-12-04,18:30,19:00,268.81750000000005
2023-12-04,19:00,19:30,264.3305
2023-12-04,19:30,20:00,253.15449999999998
2023-12-04,20:00,20:30,240.045
2023-12-04,20:30,21:00,216.65900000000002
2023-12-04,21:00,21:30,203.6575
2023-12-04,21:30,22:00,199.0855
2023-12-04,22:00,22:30,183.2155
2023-12-04,22:30,23:00,154.966
2023-12-04,23:00,23:30,146.4665
2023-12-04,23:30,00:00,156.38
2023-12-05,00:00,00:30,164.09300000000002
2023-12-05,00:30,01:00,156.699
2023-12-05,01:00,01:30,149.83249999999998
2023-12-05,01:30,02:00,148.6985
2023-12-05,02:00,02:30,147.74599999999998
2023-12-05,02:30,03:00,144.693
2023-12-05,03:00,03:30,151.35199999999998
2023-12-05,03:30,04:00,174.1175
2023-12-05,04:00,04:30,183.414
2023-12-05,04:30,05:00,195.194
2023-12-05,05:00,05:30,213.562
2023-12-05,05:30,06:00,264.795
2023-12-05,06:00,06:30,292.15250000000003
2023-12-05,06:30,07:00,314.4195
2023-12-05,07:00,07:30,319.879
2023-12-05,07:30,08:00,318.8625
2023-12-05,08:00,08:30,319.78149999999994
2023-12-05,08:30,09:00,312.7803333333334
2023-12-05,09:00,09:30,316.6528333333334
2023-12-05,09:30,10:00,317.4658333333333
2023-12-05,10:00,10:30,316.8378333333333
2023-12-05,10:30,11:00,308.0145
2023-12-05,11:00,11:30,306.3925
2023-12-05,11:30,12:00,301.65866666666665
2023-12-05,12:00,12:30,300.9841666666667
2023-12-05,12:30,13:00,304.6881666666667
2023-12-05,13:00,13:30,309.7266666666667
2023-12-05,13:30,14:00,315.8063333333334
2023-12-05,14:00,14:30,307.7178333333334
2023-12-05,14:30,15:00,315.7176666666667
2023-12-05,15:00,15:30,302.83583333333337
2023-12-05,15:30,16:00,308.5065
2023-12-05,16:00,16:30,308.0851666666667
2023-12-05,16:30,17:00,310.2556666666666
2023-12-05,17:00,17:30,309.37266666666665
2023-12-05,17:30,18:00,302.725
2023-12-05,18:00,18:30,299.83416666666665
2023-12-05,18:30,19:00,302.944
2023-12-05,19:00,19:30,306.57050000000004
2023-12-05,19:30,20:00,330.72350000000006
2023-12-05,20:00,20:30,334.4446666666667
2023-12-05,20:30,21:00,349.1085
2023-12-05,21:00,21:30,349.5535
2023-12-05,21:30,22:00,348.7205
2023-12-05,22:00,22:30,346.0481666666667
2023-12-05,22:30,23:00,353.6485
2023-12-05,23:00,23:30,354.4481666666667
2023-12-05,23:30,00:00,351.533
2023-12-06,00:00,00:30,356.8005
2023-12-06,00:30,01:00,359.205
2023-12-06,01:00,01:30,356.32250000000005
2023-12-06,01:30,02:00,352.50199999999995
2023-12-06,02:00,02:30,351.41516666666666
2023-12-06,02:30,03:00,354.73699999999997
2023-12-06,03:00,03:30,356.17250000000007
2023-12-06,03:30,04:00,359.699
2023-12-06,04:00,04:30,355.3815
2023-12-06,04:30,05:00,357.09600000000006
2023-12-06,05:00,05:30,359.4071666666667
2023-12-06,05:30,06:00,359.54299999999995
2023-12-06,06:00,06:30,365.59700000000004
2023-12-06,06:30,07:00,365.185
2023-12-06,07:00,07:30,366.0746666666667
2023-12-06,07:30,08:00,364.31916666666666
2023-12-06,08:00,08:30,363.42766666666665
2023-12-06,08:30,09:00,355.885
2023-12-06,09:00,09:30,349.05283333333335
2023-12-06,09:30,10:00,334.9886666666667
2023-12-06,10:00,10:30,341.7506666666667
2023-12-06,10:30,11:00,334.2778333333333
2023-12-06,11:00,11:30,327.25883333333326
2023-12-06,11:30,12:00,321.85866666666664
2023-12-06,12:00,12:30,318.6578333333333
2023-12-06,12:30,13:00,312.2343333333334
2023-12-06,13:00,13:30,313.6605
2023-12-06,13:30,14:00,318.16900000000004
2023-12-06,14:00,14:30,315.639
2023-12-06,14:30,15:00,316.23883333333333
2023-12-06,15:00,15:30,318.86816666666664
2023-12-06,15:30,16:00,307.714
2023-12-06,16:00,16:30,304.4465
2023-12-06,16:30,17:00,302.201
2023-12-06,17:00,17:30,296.069
2023-12-06,17:30,18:00,291.25399999999996
2023-12-06,18:00,18:30,289.311
2023-12-06,18:30,19:00,300.05
2023-12-06,19:00,19:30,304.1525
2023-12-06,19:30,20:00,318.79849999999993
2023-12-06,20:00,20:30,315.619
2023-12-06,20:30,21:00,309.602
2023-12-06,21:00,21:30,296.92350000000005
2023-12-06,21:30,22:00,284.333
2023-12-06,22:00,22:30,267.9325
2023-12-06,22:30,23:00,242.85949999999997
2023-12-06,23:00,23:30,222.28449999999998
2023-12-06,23:30,00:00,210.3715
2023-12-07,00:00,00:30,205.5915
2023-12-07,00:30,01:00,208.129
2023-12-07,01:00,01:30,199.956
2023-12-07,01:30,02:00,192.5945
2023-12-07,02:00,02:30,185.902
2023-12-07,02:30,03:00,182.1805
2023-12-07,03:00,03:30,181.7065
2023-12-07,03:30,04:00,181.37550000000002
2023-12-07,04:00,04:30,179.1985
2023-12-07,04:30,05:00,172.18200000000002
2023-12-07,05:00,05:30,172.327
2023-12-07,05:30,06:00,183.609
2023-12-07,06:00,06:30,197.6895
2023-12-07,06:30,07:00,215.58
2023-12-07,07:00,07:30,223.94
2023-12-07,07:30,08:00,228.26600000000002
2023-12-07,08:00,08:30,225.54399999999998
2023-12-07,08:30,09:00,228.61416666666665
2023-12-07,09:00,09:30,228.68833333333333
2023-12-07,09:30,10:00,230.50833333333333
2023-12-07,10:00,10:30,228.12216666666666
2023-12-07,10:30,11:00,225.71183333333332
2023-12-07,11:00,11:30,224.9795
2023-12-07,11:30,12:00,220.71833333333333
2023-12-07,12:00,12:30,224.34666666666666
2023-12-07,12:30,13:00,226.72050000000002
2023-12-07,13:00,13:30,229.90433333333337
2023-12-07,13:30,14:00,233.83866666666665
2023-12-07,14:00,14:30,235.28233333333336
2023-12-07,14:30,15:00,234.41416666666666
2023-12-07,15:00,15:30,233.57999999999998
2023-12-07,15:30,16:00,236.4615
2023-12-07,16:00,16:30,238.339
2023-12-07,16:30,17:00,241.217
2023-12-07,17:00,17:30,241.67649999999998
2023-12-07,17:30,18:00,242.1255
2023-12-07,18:00,18:30,242.54899999999998
2023-12-07,18:30,19:00,235.15500000000003
2023-12-07,19:00,19:30,228.755
2023-12-07,19:30,20:00,212.066
2023-12-07,20:00,20:30,202.775
2023-12-07,20:30,21:00,186.1935
2023-12-07,21:00,21:30,176.29049999999998
2023-12-07,21:30,22:00,169.126
2023-12-07,22:00,22:30,161.11249999999998
2023-12-07,22:30,23:00,139.2705
2023-12-07,23:00,23:30,130.574
2023-12-07,23:30,00:00,146.0825
2023-12-08,00:00,00:30,150.656
2023-12-08,00:30,01:00,145.2065
2023-12-08,01:00,01:30,145.98499999999999
2023-12-08,01:30,02:00,144.805
2023-12-08,02:00,02:30,145.08599999999998
2023-12-08,02:30,03:00,140.45
2023-12-08,03:00,03:30,137.7295
2023-12-08,03:30,04:00,145.458
2023-12-08,04:00,04:30,156.33950000000002
2023-12-08,04:30,05:00,174.19650000000001
2023-12-08,05:00,05:30,209.68616666666668
2023-12-08,05:30,06:00,271.7855
2023-12-08,06:00,06:30,289.80966666666666
2023-12-08,06:30,07:00,303.694
2023-12-08,07:00,07:30,304.7176666666667
2023-12-08,07:30,08:00,299.17600000000004
2023-12-08,08:00,08:30,299.98266666666666
2023-12-08,08:30,09:00,302.91583333333335
2023-12-08,09:00,09:30,297.6175
2023-12-08,09:30,10:00,298.1375
2023-12-08,10:00,10:30,290.4735
2023-12-08,10:30,11:00,283.05766666666665
2023-12-08,11:00,11:30,273.92966666666666
2023-12-08,11:30,12:00,269.5733333333333
2023-12-08,12:00,12:30,267.92100000000005
2023-12-08,12:30,13:00,261.9456666666667
2023-12-08,13:00,13:30,258.41433333333333
2023-12-08,13:30,14:00,257.6955
2023-12-08,14:00,14:30,259.09250000000003
2023-12-08,14:30,15:00,254.51516666666663
2023-12-08,15:00,15:30,253.71866666666668
2023-12-08,15:30,16:00,251.40900000000002
2023-12-08,16:00,16:30,252.39399999999998
2023-12-08,16:30,17:00,248.59
2023-12-08,17:00,17:30,245.6825
2023-12-08,17:30,18:00,243.731
2023-12-08,18:00,18:30,240.248
2023-12-08,18:30,19:00,231.3595
2023-12-08,19:00,19:30,219.32716666666664
2023-12-08,19:30,20:00,198.19199999999998
2023-12-08,20:00,20:30,178.78566666666669
2023-12-08,20:30,21:00,157.4615
2023-12-08,21:00,21:30,132.1085
2023-12-08,21:30,22:00,109.07400000000001
2023-12-08,22:00,22:30,93.41250000000001
2023-12-08,22:30,23:00,88.7245
